{
  "project_info": {
    "project_number": "27812270147",
    "firebase_url": "https://foot-b4d00-default-rtdb.asia-southeast1.firebasedatabase.app",
    "project_id": "foot-b4d00",
    "storage_bucket": "foot-b4d00.appspot.com"
  },
  "client": [
    {
      "client_info": {
        "mobilesdk_app_id": "1:27812270147:android:0f0f9cca601dc4845144f6",
        "android_client_info": {
          "package_name": "com.example.footapp"
        }
      },
      "oauth_client": [
        {
          "client_id": "27812270147-dj8jeoal913tfuklhtj7d1iu6rndamqr.apps.googleusercontent.com",
          "client_type": 1,
          "android_info": {
            "package_name": "com.example.footapp",
            "certificate_hash": "771dc6e0c9abac0baae39cd4d1beddd2956e7a7b"
          }
        },
        {
          "client_id": "27812270147-jk5dj6cab8siu8jf9rgk43s8v1at4ohg.apps.googleusercontent.com",
          "client_type": 1,
          "android_info": {
            "package_name": "com.example.footapp",
            "certificate_hash": "6f6af7c598b7e8a194089da072574e4c7925fc42"
          }
        },
        {
          "client_id": "27812270147-meq71q0vsdj0849ipt7ifrk2ti1ifhfn.apps.googleusercontent.com",
          "client_type": 3
        }
      ],
      "api_key": [
        {
          "current_key": "AIzaSyAexbx_RyCEMk5jkJ83pEJUxvcrisU3YeE"
        }
      ],
      "services": {
        "appinvite_service": {
          "other_platform_oauth_client": [
            {
              "client_id": "27812270147-meq71q0vsdj0849ipt7ifrk2ti1ifhfn.apps.googleusercontent.com",
              "client_type": 3
            }
          ]
        }
      }
    }
  ],
  "configuration_version": "1"
}